TOKO,NAMA,PB,PIC,REAL,BACKUP,URUT,JARAK (KM),NOPIC,TGLPICK,NOPB,NOSJ,CNT,BRJ,DOL,KLIK,ZN
FQSG,DE KERATON,5.631,1.669,3.602,,2,27.5,11521124,6/8/2023,900857,61183,22,3,0,,D
TQDC,TELAGASARI KOSAMBI,6.058,1.812,4.08,,1,28.9,11521123,6/8/2023,901031,61183,28,3,0,,D
T7SA,SUPRAPTO,4.489,0.947,2.682,,1,60.8,11521138,6/8/2023,900864,61187,18,2,0,,Q
TVJV,GRIYA SETU PERMAI,5.301,1.188,2.938,,2,62.1,11521141,6/8/2023,901005,61187,21,2,0,,Q
FXWH,MUSTIKA PARK PLACE,5.923,1.434,3.269,,3,63.6,11521143,6/8/2023,900689,61187,25,2,0,,Q
FUYJ,MUSTIKA GRANDE,5.946,1.246,3.012,,4,64.8,11521142,6/8/2023,901057,61187,22,2,0,,Q
TL44,SETU SERANG,4.491,0.891,2.5,,1,67.2,11521140,6/8/2023,900848,61188,16,2,0,,Q
TCVM,MT HARYONO,4.122,0.805,2.5,,2,67.5,11521139,6/8/2023,900927,61188,16,2,0,,Q
F0QW,RAYA SETU CIBUNTU,4.11,0.718,2.426,,2,54.2,11521145,6/8/2023,900247,61189,15,2,0,,U
TE4W,RAYA SETU,4.6,1.068,2.83,,1,55,11521146,6/8/2023,901018,61189,20,2,0,,U
TY1L,SIRNA JATI,3.773,0.789,2.682,,1,61.6,11521144,6/8/2023,900861,61191,18,2,0,,
T6SL,PATOK BEUSI,3.632,0.917,2.682,,4,18.7,11521132,6/8/2023,901012,61184,18,2,0,,J
T5SE,SARENGSENG,2.848,0.498,2.426,,1,23.5,11521135,6/8/2023,900746,61184,15,2,0,,J
TWQJ,CIASEM GIRANG,3.243,0.56,2.278,,2,31.9,11521134,6/8/2023,900838,61184,13,2,0,,J
T9JC,BABAKAN CIASEM,4.697,1.228,2.83,,3,35.6,11521130,6/8/2023,900860,61184,20,2,0,,J
TLQS,MUARA BLANAKAN,3.848,0.691,2.608,,1,40.4,11521133,6/8/2023,900592,61185,17,2,0,,J
F28G,BLANAKAN,3.972,0.782,2.426,,2,40.7,11521129,6/8/2023,900856,61185,15,2,0,,J
TADK,TANJUNG BARU BLANAKAN,2.972,0.388,2.352,,3,40.8,11521128,6/8/2023,900674,61185,14,2,0,,J
TAZ0,CIASEM HILIR,3.501,0.638,2.5,,4,40.9,11521127,6/8/2023,900837,61185,16,2,0,,J
TPGV,CIASEM,3.843,0.74,2.5,,2,41,11521136,6/8/2023,900878,61186,16,2,0,,J
FVG6,PATOK BEUSI 2,4.105,0.922,2.682,,3,41.1,11521131,6/8/2023,900849,61186,18,2,0,,J
TFQC,PABUARAN RAYA,4.401,0.834,2.682,,1,41.2,11521137,6/8/2023,900848,61186,18,2,0,,J
THCI,PALUMBON SARI,3.092,0.343,2.352,,1,29.7,11521125,6/8/2023,901205,61190,14,2,0,,G
T7NE,BALONG SARI,4.408,0.959,2.682,,2,46.1,11521126,6/8/2023,900848,61190,18,2,0,,G
T178,TELUK JAMBE 58,3.348,0.708,2.426,,2,29.9,11521154,6/8/2023,900840,61205,15,2,0,,K
F737,TELUK JAMBE RAYA,4.247,0.993,2.682,,1,30.4,11521156,6/8/2023,900844,61205,18,2,0,,K
TL16,BINTANG ALAM,6.535,1.725,3.342,,2,30.7,11521180,6/8/2023,900773,61206,26,2,0,,K
T3W6,WADAS RAYA KARABA,4.987,1.081,2.682,,1,31,11521151,6/8/2023,900773,61206,18,2,0,,K
F707,KARABA KARAWANG,3.65,0.665,2.426,,2,31.3,11521168,6/8/2023,900836,61207,15,2,0,,K
TYO9,PERUMNAS BLOK J,4.785,0.923,2.5,,3,31.8,11521160,6/8/2023,900837,61207,16,2,0,,K
T8JV,TARUMA NEGARA KARAWANG,2.809,0.57,2.426,,1,34,11521147,6/8/2023,900842,61207,15,2,0,,K
F4J9,NAKULA 2,5.257,1.27,3.09,,2,31.8,11521149,6/8/2023,900836,61208,16,3,0,,K
TDRB,RUKO RESINDA,3.711,0.892,3.016,,1,34.2,11521148,6/8/2023,900443,61208,15,3,0,,K
T5JY,GRAND TARUMA 8-9,4.041,1.187,3.09,,2,32.9,11521150,6/8/2023,900840,61210,16,3,0,,K
TSXX,GRAND TARUMA 1516,3.757,0.832,2.5,,1,33.2,11521159,6/8/2023,900709,61210,16,2,0,,K
F97I,TUNGGAK JATI,4.017,0.908,2.608,,3,40.5,11521162,6/8/2023,900846,61210,17,2,0,,K
TJFN,KARYASARI,3.389,0.503,2.352,,4,41.3,11521163,6/8/2023,900841,61210,14,2,0,,K
FPXX,PROKLAMASI KARAWANG,3.683,0.695,2.5,,1,43.1,11521175,6/8/2023,900261,61211,16,2,0,,K
T6RT,PROKLAMASI 13,3.19,0.598,2.426,,2,44,11521174,6/8/2023,900839,61211,15,2,0,,K
TYG9,KALANG SARI,4.176,0.85,2.608,,3,44.8,11521152,6/8/2023,900838,61211,17,2,0,,K
TDR1,AMANSARI,3.686,0.759,2.426,,4,46.6,11521177,6/8/2023,900840,61211,15,2,0,,K
TL31,KEDUNG WARINGIN RAYA,4.22,0.934,2.682,,3,37.7,11521166,6/8/2023,900844,61212,18,2,0,,K
TUOB,MARELENG,3.614,0.683,2.682,,1,38.4,11521171,6/8/2023,900843,61212,18,2,0,,K
TEW2,BOJONG SARI,4.281,0.943,2.608,,2,38.6,11521157,6/8/2023,900832,61212,17,2,0,,K
TFLV,GRAND CIKARANG CITY 2,4.538,1.18,3.012,,4,41.3,11521153,6/8/2023,900167,61212,22,2,0,,K
T88L,RENGAS BANDUNG,3.35,0.632,2.5,,2,42.1,11521169,6/8/2023,900828,61213,16,2,0,,K
TL2E,BUMI WARINGIN INDAH,4.368,0.991,2.682,,3,42.8,11521155,6/8/2023,900840,61213,18,2,0,,K
TGOI,PEBAYURAN,4.2,0.786,2.352,,4,44.7,11521158,6/8/2023,900839,61213,14,2,0,,K
TPNV,RENGAS BANDUNG POM,3.888,1.18,2.938,,1,49,11521161,6/8/2023,900837,61213,21,2,0,,K
TW7C,KARANG MUKTI,3.511,0.799,2.426,,2,42.7,11521165,6/8/2023,900491,61209,15,2,0,,K
T4O4,TAMAN PERMATA INDAH,5.03,1.024,2.756,,1,42.8,11521176,6/8/2023,900815,61209,19,2,0,,K
TM15,PEBAYURAN RAYA,3.455,0.614,2.5,,1,50.3,11521181,6/8/2023,900837,61214,16,2,0,,K
T2IE,KARANGREJA,3.964,0.835,2.5,,2,51.6,11521179,6/8/2023,900672,61214,16,2,0,,K
T4LU,KP PULO SIRIH,4.262,0.738,2.426,,3,55.4,11521167,6/8/2023,900513,61214,15,2,0,,K
TOF7,SYECH QURO,2.763,0.449,2.278,,1,27.6,11521217,6/8/2023,900857,61199,13,2,0,,K
FAVJ,RS LIRA MEDIKA,2.715,1.438,3.272,,2,28.9,11521210,6/8/2023,900833,61199,18,3,0,,K
TFGQ,GREEN GARDEN,3.568,0.621,2.426,,1,29.9,11521211,6/8/2023,900867,61201,15,2,0,,K
FRL1,RAYA KEPUH,4.303,0.786,2.5,,2,31.7,11521209,6/8/2023,900550,61201,16,2,0,,K
TX6J,POINT STASIUN KARAWANG,0.883,0.408,2.352,,3,36,11521213,6/8/2023,900513,61201,14,2,0,,K
TT49,ANGGADITA,4.079,0.832,2.426,,1,22,11521202,6/8/2023,900843,61197,15,2,0,,K
F6LA,SUROTOKUNTO 32,3.575,0.657,2.608,,2,25.6,11521215,6/8/2023,900699,61197,17,2,0,,
TLMW,SUROTO KUNTO,2.969,0.341,2.352,,3,26.3,11521201,6/8/2023,900840,61197,14,2,0,,K
T6X8,GRIYA MAS LESTARI,5.114,0.989,2.608,,4,24.8,11521183,6/8/2023,900607,61192,17,2,0,,K
TWU0,SUMMARECON KARAWANG,4.458,1.101,2.682,,3,27,11521196,6/8/2023,900291,61192,18,2,0,,K
TY6X,LINGKAR TANJUNGPURA,3.014,0.785,2.608,,2,28.7,11521182,6/8/2023,900829,61192,17,2,0,,K
TEIK,SPBU TANJUNG PURA,1.962,0.731,2.352,,1,33.1,11521192,6/8/2023,900835,61192,14,2,0,,K
FTEK,SPBU SUROTOKUNTO,3.149,1.298,3.679,,2,26.3,11521218,6/8/2023,900847,61198,16,4,0,,K
TVZ2,TUPAREV 436,3.419,0.564,2.352,,1,27.6,11521208,6/8/2023,900803,61198,14,2,0,,
TBIC,WIJAYA KUSUMA RAYA,4.085,0.714,2.5,,1,28.9,11521207,6/8/2023,900690,61200,16,2,0,,K
TP8G,PASIR JENGKOL,4.171,0.786,2.682,,2,29.8,11521204,6/8/2023,900579,61200,18,2,0,,K
FN9B,3 BISNIS,4.582,1.341,2.682,,2,37.3,11521190,6/8/2023,900312,61193,18,2,0,,K
T3XI,AHMAD YANI 93,3.355,0.576,2.426,,4,37.3,11521195,6/8/2023,900840,61193,15,2,0,,K
TL68,PANGKAL PERJUANGAN,2.987,0.525,2.426,,3,38,11521187,6/8/2023,900841,61193,15,2,0,,K
TAU3,RAYA LINGKAR TANJUNG PURA,3.924,0.753,2.5,,1,59.1,11521188,6/8/2023,900700,61193,16,2,0,,K
TD5K,KARTIKA RESIDENCE,4.83,1.167,2.682,,2,25.6,11521194,6/8/2023,900085,61194,18,2,0,,
FZNG,CIBALADO KLARI,6.831,2.277,4.519,,3,26.1,11521193,6/8/2023,900164,61194,33,3,0,,K
TENR,KARAWANG JAYA CIBALADO,3.965,0.681,2.278,,4,26.2,11521186,6/8/2023,900995,61194,13,2,0,,K
F8T7,BUANA TAMAN SARI RAYA,3.632,0.825,2.5,,1,26.8,11521184,6/8/2023,900701,61194,16,2,0,,K
F663,KONDANG JAYA,6.592,1.664,4.118,,3,27,11521189,6/8/2023,901047,61195,21,4,0,,K
FL4T,SAUNG INDAH,5.323,1.25,2.938,,1,27.9,11521185,6/8/2023,900916,61195,21,2,0,,K
TG1G,BANGLE,5.268,1.08,2.756,,2,28.6,11521198,6/8/2023,900853,61195,19,2,0,,K
TW88,CITRA SWARNA,4.688,0.882,2.682,,3,29.7,11521197,6/8/2023,900847,61196,18,2,0,,K
F95U,GALUH MAS,4.023,0.801,2.608,,1,34.1,11521191,6/8/2023,900849,61196,17,2,0,,K
TN20,KERTABUMI RAYA,4.919,0.985,2.682,,2,35.9,11521199,6/8/2023,900759,61196,18,2,0,,
FU6H,RS PERMATA KELUARGA,3.294,1.307,2.83,,2,33.9,11521214,6/8/2023,900350,61202,20,2,0,,K
TY3Z,RUKO PURI TELUK JAMBE,4.544,0.74,2.426,,1,34,11521212,6/8/2023,900843,61202,15,2,0,,K
TCN4,RONGGOWALUYO,4.072,0.784,2.426,,1,34.5,11521203,6/8/2023,900839,61203,15,2,0,,K
TLN8,PURI TELUK JAMBE,4.414,1.006,2.608,,2,34.6,11521206,6/8/2023,900843,61203,17,2,0,,K
TK0Q,UNSIKA RONGGOWALUYO,3.834,0.828,2.5,,1,35.1,11521216,6/8/2023,900845,61204,16,2,0,,K
TAZX,SACA KUSUMA,4.231,0.933,2.682,,2,36.1,11521205,6/8/2023,900840,61204,18,2,0,,K
T7CA,GALUH MAS,7.674,2.694,5.256,,1,33.2,11521219,6/8/2023,901048,61218,35,4,0,,
TL17,PRAMUKA KARAWANG,4.114,1.235,3.09,,1,35.8,11521200,6/8/2023,900843,61215,16,3,0,,K
TL58,KEDUNG WARINGIN,4.705,0.977,2.5,,1,42.9,11521170,6/8/2023,900838,61216,16,2,0,,K
TFWO,RENGAS DENGKLOK RAYA,3.303,0.533,2.426,,2,50.5,11521172,6/8/2023,900842,61219,15,2,0,,K
T2HS,TUGU PROKLAMASI,3.876,0.77,2.5,,1,50.6,11521164,6/8/2023,900842,61219,16,2,0,,K
T90D,BUMI TELUK JAMBE,3.43,0.803,2.426,,1,33.9,11521178,6/8/2023,900837,61220,15,2,0,,K
T0G2,RANGGA GEDE,4.725,0.984,2.608,,1,34.7,11521173,6/8/2023,901065,61217,17,2,0,,K
TEBJ,RUKO SEDANA,2.678,0.541,2.352,,4,28.6,11521270,6/8/2023,900854,61236,14,2,0,,R
TIO3,PERUMNAS BARU,4.933,0.902,2.608,,1,31.4,11521273,6/8/2023,901085,61236,17,2,0,,R
TQHS,SUKALUYU,5.642,1.189,3.42,,3,31.5,11521272,6/8/2023,901082,61236,20,3,0,,R
TREF,GREENVILAGE (210),5.007,1.169,3.272,,2,32.3,11521271,6/8/2023,901088,61236,18,3,0,,R
TRQX,PUSER JAYA,4.51,0.802,2.352,,2,32.5,11521269,6/8/2023,900851,61239,14,2,0,,R
FCGM,TELUK JAMBE 80,4.164,0.936,2.5,,1,33.7,11521268,6/8/2023,900848,61239,16,2,0,,R
TJ6J,DGRIYA,4.6,1.051,2.756,,1,25.9,11521226,6/8/2023,900847,61241,19,2,0,,L
TDZ9,OTISTA KARAWANG,4.388,0.664,2.682,,1,28.4,11521220,6/8/2023,901202,61221,18,2,0,,L
T8KT,SUHUD HIDAYAT,3.814,0.63,2.426,,2,30.5,11521222,6/8/2023,900822,61221,15,2,0,,L
TCTV,EXIT TOL KARAWANG BARAT,3.632,0.749,2.5,,1,28.4,11521224,6/8/2023,900988,61222,16,2,0,,L
TMMO,AKSES TOL KARAWANG BARAT,3.265,1.053,3.531,,4,28.5,11521221,6/8/2023,901111,61222,14,4,0,,L
TIBR,PERUMNAS KARAWANG,5.567,1.197,3.198,,2,32,11521223,6/8/2023,901137,61222,17,3,0,,L
TJVG,RAYA BARATA,4.739,0.803,2.5,,3,32.4,11521227,6/8/2023,900257,61222,16,2,0,,L
TAUS,GREEN VILLAGE,4.567,0.833,2.682,,1,33.3,11521225,6/8/2023,900844,61237,18,2,0,,L
F4UV,PERUM GRIYA INDAH CIKAMPEK,5.323,1.103,2.83,,2,8.9,11521236,6/8/2023,900303,61223,20,2,0,,N
TMP2,PUCUNG,3.994,0.588,2.352,,1,9,11521246,6/8/2023,900850,61223,14,2,0,,N
TBZN,CIKAMPEK WADAS,3.279,0.352,2.352,,1,10.3,11521258,6/8/2023,900840,61226,14,2,0,,N
F47B,PERMATA CIKAMPEK,5.473,1.05,2.83,,2,11.8,11521261,6/8/2023,900549,61226,20,2,0,,N
TEK9,RAYA CITARIK,4.158,0.784,2.608,,3,15.2,11521254,6/8/2023,900238,61226,17,2,0,,N
TBWX,VILLA INDAH PERMATA,4.168,0.637,2.756,,1,10.7,11521260,6/8/2023,900850,61224,19,2,0,,N
T14N,MAHKOTA BIP,3.877,0.601,2.5,,2,10.8,11521229,6/8/2023,900713,61224,16,2,0,,N
THBF,PERMATA REGENCY CIKAMPEK,4.286,0.567,2.5,,1,11.5,11521267,6/8/2023,901262,61225,16,2,0,,N
R063,BUMI DAWUAN,4.476,0.625,2.352,,3,11.6,11521256,6/8/2023,900850,61225,14,2,0,,N
TKSE,KARANG SINOM,4.309,0.948,2.5,,2,13.6,11521264,6/8/2023,900502,61225,16,2,0,,N
TC9B,DAWUAN ROYAL RESIDENCE,4.575,1.037,2.682,,1,12.9,11521232,6/8/2023,900462,61240,18,2,0,,N
TBAD,CIJUNTI,5.011,1.122,2.938,,4,11.5,11521242,6/8/2023,900800,61228,21,2,0,,N
TBLD,CAMPAKA CIKUMPAY,4.182,1.065,2.5,,1,16.1,11521243,6/8/2023,900850,61228,16,2,0,,N
T61M,CIJAYA,3.431,0.612,2.352,,2,16.9,11521249,6/8/2023,900842,61228,14,2,0,,N
T2W3,CISANTRI,3.372,0.495,2.352,,3,19.1,11521233,6/8/2023,900840,61228,14,2,0,,N
T64W,CIBATU KRANJAN,4.029,0.682,2.5,,1,20.2,11521262,6/8/2023,900848,61238,16,2,0,,N
T5FK,CIBATU CIPEUNDEUY,3.642,0.644,2.608,,2,21.7,11521235,6/8/2023,900855,61238,17,2,0,,N
F1YQ,CINANGKA,5.198,1.136,2.83,,1,3.1,11521255,6/8/2023,900850,61231,20,2,0,,N
FC69,CIKOPO,3.701,0.674,2.426,,4,5.3,11521231,6/8/2023,900853,61231,15,2,0,,N
TPUW,CIKOPO KRAJAN,4.668,0.837,2.608,,3,5.6,11521251,6/8/2023,900854,61231,17,2,0,,N
T2YA,JUANDA 122,5.328,1.192,2.83,,2,5.7,11521240,6/8/2023,900855,61231,20,2,0,,N
TD08,JUANDA CIKAMPEK 2,4.454,0.899,2.426,,1,6.3,11521241,6/8/2023,900856,61232,15,2,0,,N
TPW1,JOMIN RAYA,3.732,0.808,2.426,,3,6.4,11521238,6/8/2023,900856,61232,15,2,0,,N
TDQ6,JUANDA RAYA,4.598,0.974,2.426,,2,6.7,11521257,6/8/2023,900853,61232,15,2,0,,
TQ02,JOMIN CIKAMPEK,4.069,0.732,2.608,,4,6.8,11521244,6/8/2023,900436,61232,17,2,0,,N
T7FB,BY PASS JOMIN,5.665,1.623,3.75,,2,7.3,11521239,6/8/2023,900856,61233,24,3,0,,N
FNKR,BUANA KOTABARU,4.034,0.793,2.5,,1,9.5,11521228,6/8/2023,900745,61233,16,2,0,,N
T03Q,CIKAMPEK RAYA,3.85,0.551,2.426,,1,9.7,11521259,6/8/2023,900857,61227,15,2,0,,N
TL15,BUMI CIKAMPEK BARU,4.039,0.374,2.426,,2,11.6,11521266,6/8/2023,901324,61227,15,2,0,,N
TQM7,JATI SARI 2,3.142,0.581,2.352,,1,13.2,11521263,6/8/2023,900855,61229,14,2,0,,N
TD80,JATISARI CIKAMPEK,3.895,1.027,3.016,,2,13.5,11521265,6/8/2023,901119,61229,15,3,0,,N
T9ET,JATISARI BARU,3.899,0.794,2.5,,1,13.6,11521237,6/8/2023,900497,61230,16,2,0,,N
TY63,JATISARI RAYA,3.873,0.786,2.5,,2,24.2,11521248,6/8/2023,900853,61230,16,2,0,,N
T940,BUNDER,4.648,0.974,2.682,,1,25.4,11521245,6/8/2023,900844,61234,18,2,0,,N
TRVY,PRAMUKA 86,4.415,0.931,2.5,,2,25.4,11521230,6/8/2023,900850,61234,16,2,0,,N
TMGB,PRAMUKA JATILUHUR,4.204,0.683,2.608,,3,26.6,11521234,6/8/2023,900848,61234,17,2,0,,N
T0WN,KEMBANG KUNING,4.492,1.252,2.938,,4,27.4,11521247,6/8/2023,900849,61234,21,2,0,,N
TTDY,RAYA UBRUG,3.796,0.573,2.5,,1,28.1,11521250,6/8/2023,900259,61235,16,2,0,,
TBLS,CILEGONG 07,3.148,0.381,2.352,,2,28.7,11521253,6/8/2023,900835,61235,14,2,0,,N
TKEH,CILEGONG,4.715,1.124,2.5,,3,29.5,11521252,6/8/2023,900848,61235,16,2,0,,N
T8MW,KEBON KACANG,4.91,0.977,2.756,,5,6.3,11521294,6/8/2023,900847,61245,19,2,0,,O
TWZD,AKSES TOL DAWUAN,2.85,0.646,2.5,,1,9.4,11521306,6/8/2023,900833,61245,16,2,0,,O
T9NP,SARASWATI,4.063,0.739,2.352,,4,10.3,11521293,6/8/2023,900834,61245,14,2,0,,O
THX8,AHMAD YANI CIKAMPEK,3.416,0.468,2.352,,2,10.6,11521283,6/8/2023,900830,61245,14,2,0,,O
TD30,WALAHAR,2.764,0.325,1.762,,3,19.5,11521297,6/8/2023,900971,61245,14,1,0,,O
T0JP,AHMAD YANI CIKAMPEK BARU,4.227,0.795,2.608,,1,10.7,11521279,6/8/2023,900845,61246,17,2,0,,O
TW4K,AHMAD YANI DAWUAN,3.538,0.342,2.278,,4,12.2,11521286,6/8/2023,901278,61246,13,2,0,,O
T296,TAMELANG,3.781,0.667,2.5,,2,14.6,11521301,6/8/2023,900842,61246,16,2,0,,O
TGRK,MEKAR JAYA,4.168,0.955,2.5,,3,15.5,11521291,6/8/2023,900832,61246,16,2,0,,O
TLK2,TAMELANG RAYA,3.113,0.591,2.426,,4,16.4,11521280,6/8/2023,900697,61247,15,2,0,,O
TNU6,KOSAMBI CURUG,3.859,0.765,2.426,,1,18.1,11521298,6/8/2023,900982,61247,15,2,0,,O
FR9K,WALAHAR RAYA,3.831,0.667,2.5,,2,19.8,11521296,6/8/2023,900980,61247,16,2,0,,O
TOAW,SUMUR KONDANG,3.696,0.716,2.5,,3,21.2,11521281,6/8/2023,900998,61247,16,2,0,,O
TBRJ,CURUG,3.861,0.74,2.682,,1,25.1,11521289,6/8/2023,900433,61257,18,2,0,,O
T507,CIBENING BUNGUR SARI,3.385,0.279,2.352,,1,8,11521307,6/8/2023,901191,61248,14,2,0,,O
T5IH,SADANG 36-PURWAKARTA,3.684,0.462,2.352,,2,11.5,11521303,6/8/2023,901280,61248,14,2,0,,O
T7UC,VETERAN 162,4.41,0.634,2.5,,3,14.3,11521282,6/8/2023,901270,61248,16,2,0,,O
T7CX,TERUSAN PAHLAWAN,3.773,0.741,2.5,,4,16.3,11521284,6/8/2023,900840,61248,16,2,0,,
F2VM,PERUM GRIYA CIWANGI,3.906,0.887,2.756,,1,10.7,11521308,6/8/2023,900850,61242,19,2,0,,O
FD32,DIAN ANYAR,5.163,1.147,2.682,,2,13.2,11521299,6/8/2023,900867,61242,18,2,0,,O
TT0X,PESONA CISEUREUH,4.414,1.135,2.83,,1,13.4,11521309,6/8/2023,900755,61243,20,2,0,,O
TM84,IPIK MUNJUL JAYA 11,4.182,0.868,2.5,,2,14.4,11521304,6/8/2023,900843,61243,16,2,0,,O
T0QD,IPIK GANDAMANAH 47,3.138,0.543,2.352,,1,15.3,11521285,6/8/2023,900839,61244,14,2,0,,O
TFRL,KOLONEL RAHMAT,3.405,0.302,2.352,,2,15.8,11521292,6/8/2023,901275,61244,14,2,0,,O
TQUI,A. YANI 21 A-PURWAKARTA,4.539,1.054,2.756,,2,16.6,11521305,6/8/2023,900839,61249,19,2,0,,O
TBJ3,MARACANG KRAJAN,4.229,0.859,2.83,,3,17.7,11521300,6/8/2023,900844,61249,20,2,0,,O
TPD9,MARGASARI,4.49,0.936,2.682,,1,19.2,11521278,6/8/2023,900845,61249,18,2,0,,O
TZRU,MARACANG PASIFIC,5.028,1.364,3.676,,4,20.3,11521287,6/8/2023,900841,61249,23,3,0,,O
TFCM,MARACANG SUKAMULYA,4.235,1.083,2.83,,1,22.2,11521302,6/8/2023,900841,61256,20,2,0,,O
TH39,KOTA BUKIT INDAH,4.696,1.23,3.198,,1,0.3,11521288,6/8/2023,901783,61250,17,3,0,0.2218,O
TSRL,PERUM KOTA BUKIT,6.07,1.467,3.528,,3,1.9,11521290,6/8/2023,901326,61250,21,3,0,,O
TLWM,RAYA CIBENING,4.226,1.017,2.426,,2,70.8,11521295,6/8/2023,900852,61250,15,2,0,,O
TVG4,AHMAD YANI 37,6.934,2.375,4.596,,1,35.1,11521318,6/8/2023,901466,61258,27,4,0,0.1478,X
FG9M,HYBRID ECO REST AREA 62-2,4.245,1.568,3.528,,1,11.8,11521323,6/8/2023,901122,61252,21,3,0,,X
TE2V,REST AREA 62,3.334,1.209,3.198,,3,11.8,11521319,6/8/2023,901184,61252,17,3,0,,X
TWOW,REST AREA KM 52,3.877,1.583,3.42,,2,22.1,11521317,6/8/2023,900596,61252,20,3,0,,X
T3U3,REST AREA KM. 42,3.122,0.747,2.426,,1,31.3,11521322,6/8/2023,901375,61253,15,2,0,,X
TLVH,SENTRALAND RESIDENCE,7.938,3.02,5.59,,2,31.7,11521310,6/8/2023,901093,61253,32,5,0,0.1478,X
T57D,SUKASARI,4.58,1.037,2.608,,2,54.9,11521312,6/8/2023,901293,61251,17,2,0,,X
T85L,CIBARUSAH 5,4.063,0.706,2.608,,1,60.4,11521313,6/8/2023,900856,61251,17,2,0,,X
TDAX,BOSIH BARU,4.377,1.003,2.83,,1,57.9,11521316,6/8/2023,901062,61260,20,2,0,,X
TSI9,PERMATA BOSIH,5.269,1.344,2.938,,2,61.1,11521320,6/8/2023,901158,61260,21,2,0,,X
T7QT,REST AREA KM86A,4.865,3.087,6.365,,1,18,11521311,6/8/2023,901382,61254,27,7,0,,X
T8H5,REST AREA KM 102,4.782,2.8,5.442,,2,34.2,11521315,6/8/2023,900831,61254,30,5,0,0.1478,X
TVAW,REST AREA KM 101,3.858,2.256,4.448,,1,51.5,11521321,6/8/2023,900863,61259,25,4,0,0.1478,X
T6YA,POINT REST AREA KM 57,6.984,4.653,8.198,,1,26.8,11521314,6/8/2023,901093,61255,49,7,0,,X
T74V,BULAK KAPAL,3.466,0.837,2.5,,1,59.1,11521336,6/8/2023,900996,61261,16,2,0,,A
TL08,MEKAR SARI 3,3.292,0.768,2.5,,2,62.9,11521347,6/8/2023,901063,61261,16,2,0,,A
T91L,PULAU BINTAN,4.019,0.697,2.352,,1,63.2,11521352,6/8/2023,900859,61262,14,2,0,,A
T6W5,BANTENG 21,4.191,1.139,2.83,,2,66.3,11521350,6/8/2023,901178,61262,20,2,0,,A
TKB9,NUSANTARA RAYA,3.777,0.794,2.5,,2,60.5,11521334,6/8/2023,900862,61270,16,2,0,,A
F282,BUMI SETIA MEKAR 1,3.897,0.768,2.426,,1,60.8,11521346,6/8/2023,900860,61270,15,2,0,,A
R026,CRM TERNATE PERUMNAS 3,3.782,0.833,2.608,,3,62,11521325,6/8/2023,900872,61270,17,2,0,,A
F9S5,WISMA JAYA,4.212,0.775,2.426,,4,62.1,11521342,6/8/2023,900864,61270,15,2,0,,A
TUCA,TERUSAN I GUSTI NGURAHRAY,3.855,0.728,2.352,,2,61.7,11521326,6/8/2023,900856,61263,14,2,0,,A
T3FE,BINTARA KENCANA,3.616,0.797,2.5,,3,65.7,11521339,6/8/2023,900857,61263,16,2,0,,A
TL72,KALIBARU BARAT,3.28,0.542,2.352,,1,65.8,11521329,6/8/2023,900847,61263,14,2,0,,A
TYV2,KALIBARU BARAT RAYA,4.506,1.058,2.682,,1,65.9,11521344,6/8/2023,900981,61264,18,2,0,,A
T5QZ,RAWA BEBEK,4.156,0.564,2.352,,2,66.1,11521349,6/8/2023,900876,61264,14,2,0,,A
TL10,HARAPAN BARU 2,4.001,0.699,2.352,,3,66.3,11521327,6/8/2023,900857,61264,14,2,0,,A
T034,HARAPAN BARU,4.957,1.262,2.83,,2,66.2,11521333,6/8/2023,900856,61265,20,2,0,,A
TPCB,HARAPAN BARU 4,4.49,1.161,2.938,,1,66.4,11521324,6/8/2023,900882,61265,21,2,0,,A
TBTN,MITRA BEKASI,2.09,0.405,2.278,,1,60.7,11521337,6/8/2023,900848,61266,13,2,0,,A
TD3S,SPBU UNDER PASS BEKASI,5.35,1.956,3.602,,2,62.8,11521330,6/8/2023,900872,61266,22,3,0,,A
TDRS,UNDERPASS RAYA,2.897,0.477,2.352,,3,62.9,11521338,6/8/2023,900717,61267,14,2,0,,A
TJZL,MEKAR SARI RAYA 2,4.975,1.07,2.5,,2,63,11521328,6/8/2023,901138,61267,16,2,0,,A
TRA0,KIMANGUN SARKORO 2,3.901,0.747,2.5,,1,63.3,11521331,6/8/2023,900872,61267,16,2,0,,A
TVFU,KH MAS MANSYUR,4.104,0.828,2.682,,1,63.1,11521332,6/8/2023,900637,61268,18,2,0,,A
FXXK,KI MANGUN SARKORO,4.107,0.913,2.5,,2,63.4,11521345,6/8/2023,900872,61268,16,2,0,,A
TWZS,AGUS SALIM RAYA 29,3.794,0.488,2.352,,3,63.7,11521335,6/8/2023,900912,61269,14,2,0,,A
T7R8,AGUS SALIM RAYA,3.599,0.674,2.426,,2,66.4,11521341,6/8/2023,900871,61269,15,2,0,,A
TD3U,RUKO ADUS SALIM DENITA,3.383,0.725,2.426,,1,67.3,11521340,6/8/2023,900659,61269,15,2,0,,A
TFTS,POINT STASIUN KRANJI,1.562,0.968,3.09,,1,66.5,11521343,6/8/2023,900174,61273,16,3,0,,A
T42B,MEKAR SARI RAYA,7.06,2.603,4.74,,1,63.2,11521348,6/8/2023,901425,61271,36,3,0,,A
T72L,WIJAYA KUSUMA,3.982,0.787,2.426,,1,70.5,11521351,6/8/2023,900861,61272,15,2,0,,A
TPIU,POINT DUTA PERMAI,2.778,0.783,2.426,,2,64.2,11522150,6/8/2023,900829,61274,15,2,0,,A
TQ7F,JAKA PERMAI 30,3.746,0.668,2.5,,1,64.3,11522177,6/8/2023,900859,61274,16,2,0,,A
FY7U,BUMI SATRIA KENCANA,3.865,0.841,2.5,,3,64.4,11522165,6/8/2023,900851,61274,16,2,0,,A
TQHF,GABUS,4.501,0.823,2.5,,2,64.5,11522175,6/8/2023,900914,61275,16,2,0,,A
TU2S,LELE RAYA,2.682,0.53,2.352,,1,64.6,11522145,6/8/2023,900838,61275,14,2,0,,A
FDX9,LETNAN ARSYAD,3.233,0.741,2.352,,3,64.8,11522041,6/8/2023,900852,61275,14,2,0,,A
FC67,LETNAN ASRYAD 2,4.299,0.812,2.682,,1,64.7,11522163,6/8/2023,900853,61276,18,2,0,,A
TZV6,KAYURINGIN,3.582,0.794,2.942,,2,64.9,11522162,6/8/2023,901090,61276,14,3,0,,A
TBD3,KH NOER ALI,2.541,0.308,2.278,,1,65,11522149,6/8/2023,900697,61277,13,2,0,,A
TXJD,SENTRIA NIAGA,2.203,0.449,1.91,,2,65.1,11521353,6/8/2023,900839,61277,16,1,0,,A
TRT8,BURANGRANG RAYA,3.478,1.102,2.682,,3,65.2,11522148,6/8/2023,900689,61277,18,2,0,,A
T64L,BEKASI MAS,2.046,0.703,2.608,,1,65.3,11522156,6/8/2023,900854,61278,17,2,0,,A
T5WS,MUTIARA BEKASI CENTER,3.147,1.003,2.5,,2,65.4,11522146,6/8/2023,900639,61278,16,2,0,,A
TKGD,PRAMUKA 39,3.328,0.548,2.352,,3,65.6,11522176,6/8/2023,900838,61278,14,2,0,,A
TL6I,ALUN ALUN BEKASI,4.386,1.136,3.09,,1,65.5,11522155,6/8/2023,900479,61279,16,3,0,,A
TQP6,SPBU IR JUANDA RAYA,2.204,0.613,2.352,,2,65.7,11522174,6/8/2023,900833,61279,14,2,0,,A
FT6Z,JUANDA BEKASI,4.011,1.252,3.09,,1,65.8,11522164,6/8/2023,901368,61280,16,3,0,,A
FE05,KEMAKMURAN,4.769,1.392,2.938,,2,65.9,11522167,6/8/2023,901108,61280,21,2,0,,A
FOV1,KAMPUNG DUA,4.24,0.72,2.426,,2,65.6,11522152,6/8/2023,900852,61281,15,2,0,,A
TKWZ,SPBU KALIMALANG,3.84,1.162,2.608,,1,65.7,11522168,6/8/2023,901094,61281,17,2,0,,A
TL14,PATRIOT 2,3.735,0.843,2.5,,1,65.8,11522160,6/8/2023,901148,61282,16,2,0,,A
TUP1,ASYAFIAH BEKASI,5.324,1.17,3.42,,2,65.9,11522158,6/8/2023,900874,61282,20,3,0,,A
TY6F,PATRIOT 3,4.977,1.218,2.682,,1,66,11522173,6/8/2023,900922,61283,18,2,0,,A
FYVV,MERAK RAYA,4.781,1.048,2.756,,2,67.6,11522153,6/8/2023,901015,61283,19,2,0,,A
TF7B,PATRIOT 93,2.967,0.471,2.5,,1,69.1,11522179,6/8/2023,900717,61284,16,2,0,,A
TWFG,CENDANA 19,4.32,0.951,2.5,,2,69.6,11522171,6/8/2023,900616,61284,16,2,0,,A
F593,PEMUDA KRANJI,3.714,0.886,2.5,,3,69.7,11521861,6/8/2023,900846,61284,16,2,0,,A
TVOU,PATUHA BEKASI,4.939,1.341,3.528,,1,64.3,11522151,6/8/2023,900868,61285,21,3,0,,A
T11L,RAJAWALI,4.292,0.72,2.426,,2,64.9,11522159,6/8/2023,900846,61285,15,2,0,,A
FP7G,BUMI FAJAR INDAH,4.22,1.001,2.608,,2,70,11522178,6/8/2023,900856,61286,17,2,0,,A
F8HY,NANGKA,4.914,1.163,2.682,,1,70.1,11522157,6/8/2023,900875,61286,18,2,0,,A
T33Q,MARGAHAYU RAYA,5.538,1.695,3.75,,1,58.6,11522170,6/8/2023,901468,61287,24,3,0,,A
F48Q,MARGAHAYU,4.707,1.179,2.938,,2,59.2,11522161,6/8/2023,901002,61287,21,2,0,,A
T1ND,MARGAHAYU 369,4.482,0.803,2.608,,2,59.3,11521665,6/8/2023,900854,61288,17,2,0,,A
FNSC,JOYO MARTONO RAYA,2.361,0.664,2.426,,1,59.4,11522009,6/8/2023,901000,61288,15,2,0,,A
T7A4,HEXA GREEN,2.987,0.464,2.352,,3,59.7,11522172,6/8/2023,900778,61288,14,2,0,,A
TR2P,JOYO MARTONO,3.77,1.142,2.682,,1,59.5,11521459,6/8/2023,900149,61289,18,2,0,,A
TZSK,RAYA JOYOMARTONO,2.879,0.757,2.5,,2,59.6,11521821,6/8/2023,900563,61289,16,2,0,,A
TF1Y,PEMUDA RAYA KRANJI,5.308,0.972,2.5,,1,69.8,11522166,6/8/2023,900967,61293,16,2,0,,A
TGJ0,NANGKA RAYA,3.795,0.853,2.5,,1,70.2,11522154,6/8/2023,900619,61291,16,2,0,,A
FR3H,GRAND DHIKA BEKASI,3.373,1.155,3.198,,1,59.8,11522147,6/8/2023,901004,61292,17,3,0,,A
TX3Q,A YANI BEKASI,2.472,0.716,2.426,,1,62.5,11522169,6/8/2023,900614,61294,15,2,0,,A
TGMR,SUNCITY SQUARE,1.896,0.356,2.278,,1,66,11521569,6/8/2023,900819,61290,13,2,0,,A
TTBB,PERMATA WISATA,5.028,1.22,2.83,,4,59.2,11522201,6/8/2023,900733,61302,20,2,0,,B
T5LN,CIMUNING BEKASI,3.36,0.636,2.426,,1,60.4,11522185,6/8/2023,900822,61302,15,2,0,,B
TXMD,PEDURENAN INDAH,3.73,0.812,2.756,,3,61.2,11522180,6/8/2023,900999,61302,19,2,0,,B
F818,BEKASI TIMUR REGENCY,3.356,0.613,2.426,,2,61.6,11522200,6/8/2023,900988,61302,15,2,0,,B
TIG3,BEKASI TIMUR REGENCY RAYA,3.619,0.558,2.352,,2,61.6,11522187,6/8/2023,901041,61303,14,2,0,,B
T1HV,CRM BEKASI TIMUR REGENCY RAYA,3.662,0.624,2.5,,3,61.8,11522197,6/8/2023,900990,61303,16,2,0,,B
TI5B,RUKO AMETHYS,3.711,0.81,2.5,,4,62,11522204,6/8/2023,900989,61303,16,2,0,,B
FCDY,BEKASI TIMUR REGENCY 7,5.15,1.189,2.938,,1,62,11522188,6/8/2023,900307,61303,21,2,0,,B
TXH6,PULO PERMATASARI,5.3,1.652,3.602,,2,65.8,11522190,6/8/2023,901000,61295,22,3,0,,B
TQNL,SEDAP MALAM,4.022,0.759,2.352,,1,65.9,11522198,6/8/2023,900855,61295,14,2,0,,B
TD53,TAMAN GALAXY 3,3.3,0.704,2.5,,1,66.3,11522191,6/8/2023,900850,61296,16,2,0,,B
TNKK,NAKULA RAYA,4.618,0.988,2.756,,2,66.4,11522182,6/8/2023,900856,61296,19,2,0,,B
T15G,GALAXY BOULEVARD,4.889,1.357,2.938,,1,66.5,11522194,6/8/2023,900961,61297,21,2,0,,B
TGQZ,RAYA H UMAR,5.38,1.258,2.938,,2,66.6,11522199,6/8/2023,900421,61297,21,2,0,,B
FQEU,GARDENIA UTARA,4.338,1.033,2.682,,2,66.7,11522183,6/8/2023,900848,61298,18,2,0,,B
TLON,RUKO GRAND GALAXY,3.343,0.722,2.5,,1,66.9,11522193,6/8/2023,900852,61298,16,2,0,,B
T01D,MAS NAGA,3.731,0.551,2.5,,1,67.1,11522196,6/8/2023,900930,61299,16,2,0,,B
TQU4,GRAND GALAXY 05,3.285,0.688,2.5,,3,67.2,11522192,6/8/2023,900325,61299,16,2,0,,B
TAR4,CIKUNIR RAYA,3.7,0.561,2.5,,2,68.6,11522203,6/8/2023,900841,61299,16,2,0,,B
TJZP,GRAND GALAXY 8-9,4.759,1.222,3.012,,2,67.4,11522184,6/8/2023,901007,61300,22,2,0,,B
TIC1,CIKUNIR,4.514,1.082,2.682,,1,67.5,11522186,6/8/2023,900856,61300,18,2,0,,B
T3ZR,JAKAMULYA,5.211,1.083,2.938,,1,69.1,11522202,6/8/2023,901029,61301,21,2,0,,B
FX3N,GRAND GALAXY CITY 78-79,4.126,1.318,3.346,,2,72.4,11522181,6/8/2023,900646,61301,19,3,0,,B
TY0M,JAMPANG JATIMULYA,3.827,0.699,2.5,,1,58.9,11522207,6/8/2023,900976,61304,16,2,0,,B
TVUN,JATIMULYA BARU,4.01,0.801,2.608,,4,59.3,11522209,6/8/2023,900983,61304,17,2,0,,B
T051,PONDOK TIMUR,4.743,1.004,2.682,,2,60.2,11522213,6/8/2023,900925,61304,18,2,0,,B
FDDW,PONDOK TIMUR INDAH,5.502,1.309,3.16,,3,61,11522210,6/8/2023,901032,61304,24,2,0,,B
TBD4,GRIYA MUSTIKASARI,3.662,0.908,2.608,,1,61.4,11522214,6/8/2023,900631,61305,17,2,0,,B
FGF5,MUSTIKA RAYA,3.782,0.617,2.5,,2,62.4,11522208,6/8/2023,900853,61305,16,2,0,,B
FI30,CARINGIN,3.132,0.406,2.352,,3,62.8,11522206,6/8/2023,900767,61305,14,2,0,,B
TJJD,PERUM BOJONG MENTENG,4.432,0.986,2.682,,4,63.4,11522212,6/8/2023,900776,61305,18,2,0,,B
FM04,BEKASI TIMUR REGENCY 2,4.635,0.91,2.682,,2,62.2,11522195,6/8/2023,901042,61306,18,2,0,,B
FFII,BEKASI TIMUR REGENCY 5,5.87,1.44,3.342,,1,63.1,11522189,6/8/2023,900532,61306,26,2,0,,B
TEKP,BOJONG MENTENG INDAH,3.641,0.653,2.5,,2,64.1,11522211,6/8/2023,900832,61307,16,2,0,,B
F98S,FAMILIA URBAN,4.738,1.173,2.83,,1,64.1,11522205,6/8/2023,900383,61307,20,2,0,,B
TUHW,RAYA BOSIH,4.074,0.751,2.5,,4,59.3,11522237,6/8/2023,900852,61310,16,2,0,,C
TC2K,CITRA VILLA WANASARI,3.912,0.72,2.5,,1,59.7,11522230,6/8/2023,900078,61310,16,2,0,,C
TG7H,BEKASI REGENCY 123,5.004,1.419,3.42,,2,60.3,11522226,6/8/2023,900851,61310,20,3,0,,C
TSCY,BOSIH RAYA,3.77,0.662,2.5,,3,60.4,11522232,6/8/2023,900861,61310,16,2,0,,C
FJQF,METLAND TAMBUN,5.1,1.511,3.086,,1,59,11522242,6/8/2023,900854,61311,23,2,0,,C
TSMX,VILLA WANASARI,3.402,0.547,2.426,,2,60.5,11522224,6/8/2023,900861,61311,15,2,0,,C
TCMS,CASA GARDENIA,3.599,0.716,2.5,,3,60.6,11522231,6/8/2023,900862,61311,16,2,0,,C
FIEV,SPBU TAMAN WANASARI INDAH,3.934,0.902,2.608,,4,60.7,11522234,6/8/2023,900126,61311,17,2,0,,C
TYMT,SIMPANG K.H MASUD,3.597,0.528,2.5,,3,58.7,11522217,6/8/2023,900842,61312,16,2,0,,C
F828,KELAPA BAHAGIA,4.382,0.824,2.682,,4,59.2,11522223,6/8/2023,900858,61312,18,2,0,,C
TQBS,SULTAN HASANUDIN RAYA,3.439,0.763,2.5,,2,59.3,11522222,6/8/2023,900850,61312,16,2,0,,C
TAUE,HASANUDIN 2,3.29,0.508,2.352,,1,59.4,11522219,6/8/2023,900854,61312,14,2,0,,C
TJL6,TAMAN PURI CENDANA,4.878,1.505,3.012,,1,59.6,11522218,6/8/2023,900570,61313,22,2,0,,C
TPY8,TRIDAYA SAKTI,4.174,0.769,2.608,,2,59.9,11522233,6/8/2023,900859,61313,17,2,0,,C
TD02,TRIDAYA INDAH,3.992,0.934,2.83,,4,60,11522241,6/8/2023,900852,61313,20,2,0,,C
TJ1Q,TRIDAYA RAYA,3.616,0.591,2.426,,3,61.5,11522221,6/8/2023,901027,61313,15,2,0,,C
TSIW,SUMBER JAYA 55,4.517,1.029,2.938,,1,61.6,11522215,6/8/2023,900850,61314,21,2,0,,C
TLL4,SUMBER JAYA 2,4.639,1.006,2.83,,2,61.7,11522239,6/8/2023,901035,61314,20,2,0,,C
T23L,PURI CENDANA,3.612,0.773,2.83,,4,61.8,11522220,6/8/2023,900854,61314,20,2,0,,C
TS14,PURI CENDANA RAYA,3.627,0.52,2.608,,3,61.9,11522228,6/8/2023,900996,61314,17,2,0,,C
T6YH,GRIYA ASRI 2,5.081,1.246,2.938,,2,62.4,11522243,6/8/2023,900112,61315,21,2,0,,C
FO8B,GRIYA ASRI RAYA,3.475,0.642,2.426,,1,62.9,11522229,6/8/2023,900851,61315,15,2,0,,C
TXBK,BEKASI GRIYA PRATAMA,3.751,0.794,2.83,,3,63,11522227,6/8/2023,900851,61315,20,2,0,,C
T0ER,SUMBER JAYA RAYA,4.355,0.851,2.682,,4,63.1,11522216,6/8/2023,900852,61315,18,2,0,,C
T7AW,PERMATA REGENCY BEKASI,5.036,1.085,2.938,,1,63.2,11522225,6/8/2023,900620,61316,21,2,0,,C
FVCJ,PURI LESTARI,3.805,0.557,2.5,,1,53.8,11522238,6/8/2023,900854,61308,16,2,0,,C
FD76,GRAMA PURI PERSADA,4.684,0.845,2.608,,2,53.9,11522235,6/8/2023,900854,61308,17,2,0,,C
TQ1A,KH DEWANTARA,3.691,0.552,2.352,,3,54.2,11522240,6/8/2023,900842,61308,14,2,0,,C
TSPB,GRAMA PURI PERSADA RAYA,4.528,0.986,2.83,,1,54,11522236,6/8/2023,900854,61309,20,2,0,,C
TX7G,PURI NIRWANA,4.094,0.75,2.682,,2,54.1,11522244,6/8/2023,900859,61309,18,2,0,,
TSB1,MUSTIKA JAYA 2,4.814,1.138,2.756,,3,57.5,11522291,6/8/2023,901087,61321,19,2,0,,E
TDTD,BEKASI PERTAMA RESIDENCE,3.792,0.742,2.5,,2,57.7,11522254,6/8/2023,900714,61321,16,2,0,,E
T2X9,BUMYAGARA RAYA,4.348,0.833,2.5,,4,57.9,11522265,6/8/2023,900833,61321,16,2,0,,E
FWOB,GONDANG,4.031,0.79,2.5,,1,58.2,11522267,6/8/2023,900319,61321,16,2,0,,E
TXK8,GRAND RESIDENCE CITY,3.955,0.925,2.608,,1,59.3,11522290,6/8/2023,900609,61322,17,2,0,,E
FGYP,CIMUNING 10,4.722,1.139,2.5,,3,59.6,11522261,6/8/2023,900853,61322,16,2,0,,E
F3XH,GRAND RESIDENCE,5.53,1.51,3.16,,2,59.8,11522245,6/8/2023,901248,61322,24,2,0,,E
R117,CRM SUMUR BATU,5.056,1.367,3.269,,4,63.8,11522266,6/8/2023,900977,61322,25,2,0,,E
F72B,SUKARUKUN,4.185,0.95,2.756,,2,54,11522287,6/8/2023,900432,61323,19,2,0,,E
TT0J,SUKARAYA REGENCY,4.554,1.009,2.608,,1,54.7,11522264,6/8/2023,900858,61323,17,2,0,,E
TCGM,PURI CIKARANG INDAH,5.003,0.946,2.938,,4,55.1,11522270,6/8/2023,901014,61323,21,2,0,,E
T8DL,BUMI KAHURIPAN INDAH,5.58,1.361,3.269,,3,55.8,11522274,6/8/2023,901066,61323,25,2,0,,E
TUZC,KARANG RAHAYU,3.725,0.727,2.608,,1,56.5,11522256,6/8/2023,900857,61324,17,2,0,,E
FWGV,GRAND PERMATA CITY,3.816,0.892,2.83,,4,57,11522269,6/8/2023,900860,61324,20,2,0,,E
TSW0,KARANGANYAR BEKASI,4.088,0.858,2.682,,2,59,11522250,6/8/2023,900225,61324,18,2,0,,E
FYL7,BLOKANG,5.175,1.016,2.756,,3,59.1,11522276,6/8/2023,900859,61324,19,2,0,,E
F1RG,KP PULO BAMBU,4.429,0.997,2.938,,4,59.1,11522248,6/8/2023,900455,61325,21,2,0,,E
TW93,SUKATANI 05,4.692,1.103,2.938,,3,59.6,11522286,6/8/2023,900869,61325,21,2,0,,E
TN1X,SUKATANI RAYA,4.577,1.14,2.938,,1,59.9,11522275,6/8/2023,900867,61325,21,2,0,,E
TFBQ,RAYA SUKATANI 66,4.298,0.84,2.608,,2,60.3,11522268,6/8/2023,900621,61325,17,2,0,,E
TFXG,SUKATANI BARU,4.64,1.144,3.012,,3,61.7,11522260,6/8/2023,900866,61326,22,2,0,,E
TNF5,VILLA KENCANA CIKARANG,4.719,1.015,2.756,,2,61.7,11522283,6/8/2023,900784,61326,19,2,0,,E
TH8M,TAMBELANG,4.285,0.863,2.83,,1,61.7,11522272,6/8/2023,900865,61326,20,2,0,,E
T29L,SUKATANI 2,3.177,0.442,2.5,,4,61.8,11522251,6/8/2023,900946,61326,16,2,0,,E
TNSZ,SPBU KALIMALANG 2,1.615,0.389,2.352,,1,59.5,11522289,6/8/2023,900854,61317,14,2,0,,E
TWTS,SPBU RAYA KALIMALANG,3.299,0.734,2.5,,2,59.6,11522249,6/8/2023,900847,61317,16,2,0,,E
T4E4,SETIADARMA 08,3.645,0.736,2.5,,3,59.8,11522280,6/8/2023,900824,61317,16,2,0,,E
T2OJ,SETIA DARMA RAYA,4.614,1.142,2.682,,1,59.7,11522247,6/8/2023,900376,61318,18,2,0,,E
TOUW,SETIADARMA 01,5.065,1.217,2.938,,2,59.9,11522284,6/8/2023,900861,61318,21,2,0,,E
TYJ5,LAMBANG JAYA,5.077,1.406,3.269,,1,60,11522255,6/8/2023,900269,61319,25,2,0,,E
T8W6,KALIMALANG INDAH,4.288,1.066,2.756,,2,60.1,11522257,6/8/2023,900850,61319,19,2,0,,E
TFMQ,INPEKSI KALIMALANG,4.101,0.848,2.352,,1,60.2,11522263,6/8/2023,900730,61320,14,2,0,,E
TL40,SETU CIBUNTU,3.886,0.812,2.352,,2,60.3,11522273,6/8/2023,901063,61320,14,2,0,,E
TR04,PASIR RANDU,3.984,0.972,2.608,,4,53.7,11522271,6/8/2023,901030,61327,17,2,0,,E
F803,TELAGA PASIR RAYA,4.834,0.969,2.682,,1,54.8,11522292,6/8/2023,900870,61327,18,2,0,,E
FBHO,TELAGA HARMONY,3.559,0.798,2.5,,2,54.9,11522259,6/8/2023,900093,61327,16,2,0,,E
TNDJ,MEGA REGENCY,3.126,0.665,2.5,,3,55,11522293,6/8/2023,900868,61327,16,2,0,,E
TRCL,MEGA REGENCY 3,3.919,0.794,2.608,,1,55.1,11522252,6/8/2023,900865,61328,17,2,0,,E
FL23,MEGA REGENCY 2,4.874,1.222,2.83,,2,55.3,11522282,6/8/2023,900890,61328,20,2,0,,E
T1AO,MEGA REGENCY RAYA,5.104,1.173,2.756,,3,55.4,11522285,6/8/2023,900972,61328,19,2,0,,E
T5W3,GRAND ROYAL PARK,5.477,1.346,3.012,,4,55.5,11522262,6/8/2023,901020,61328,22,2,0,,E
TRDO,GRAND CIKARANG VILLAGE,3.126,0.334,2.278,,3,55.6,11522281,6/8/2023,900841,61329,13,2,0,,E
TABV,GRAND VISTA CIKARANG,4.852,1.027,2.5,,2,55.7,11522246,6/8/2023,901054,61329,16,2,0,,E
TYNL,RAYA PASIR RANDU,4.257,0.869,2.682,,1,55.8,11522253,6/8/2023,900290,61329,18,2,0,,E
T286,DIPONEGORO,4.377,1.186,2.756,,2,58.4,11522302,6/8/2023,900856,61336,19,2,0,,E
T2NO,DIPONEGORO RAYA  ,3.202,0.733,2.352,,1,58.5,11522325,6/8/2023,900843,61336,14,2,0,,E
TNV7,DIPONEGORO KM 37,4.576,1.224,2.83,,3,59.3,11522309,6/8/2023,900856,61336,20,2,0,,E
T9B2,PAPAN MAS BEKASI,3.375,0.609,2.5,,2,60.7,11522324,6/8/2023,900861,61331,16,2,0,,E
T04L,PAPAN MAS 2,4.373,0.973,2.682,,1,60.8,11522310,6/8/2023,900832,61331,18,2,0,,E
T1ZJ,KP BULU SETIAMEKAR,4.465,0.988,2.83,,2,60.9,11522307,6/8/2023,900724,61332,20,2,0,,E
TVN7,MANUNGGAL SETIAMEKAR,4.493,1.071,2.938,,1,61.9,11522299,6/8/2023,900822,61332,21,2,0,,E
FL26,BUMI SANI,4.733,1.152,2.83,,2,61.2,11522314,6/8/2023,900862,61330,20,2,0,,E
FSLV,GRAHA PRIMA 279,3.571,0.542,2.352,,1,66.4,11522319,6/8/2023,900765,61330,14,2,0,,E
T1GQ,RAWA AREN,3.972,0.784,2.608,,1,62.4,11522294,6/8/2023,900833,61333,17,2,0,,E
T5AN,RAWA KALONG,3.795,0.635,2.608,,2,62.5,11522315,6/8/2023,900858,61333,17,2,0,,E
TZBP,RAWA KALONG RAYA,4.305,0.851,2.682,,2,62.6,11522312,6/8/2023,900671,61334,18,2,0,,E
TEW1,SETIA MEKAR,4.444,0.898,2.682,,1,62.7,11522304,6/8/2023,901008,61334,18,2,0,,E
TQLT,SPBU DIPONEGORO,2.882,0.684,2.352,,1,62.8,11522303,6/8/2023,900852,61335,14,2,0,,E
TKZQ,TAMBUN CITY,1.888,0.44,2.352,,2,62.9,11522322,6/8/2023,900870,61335,14,2,0,,E
T7LM,TEUKU UMAR,2.937,0.411,2.352,,3,63,11522301,6/8/2023,900497,61335,14,2,0,,E
TA7G,KOTA SERANG BARU,3.545,0.603,2.5,,4,55,11522298,6/8/2023,900399,61337,16,2,0,,E
F1VP,KOTA SERANG BARU 2,3.721,0.791,2.608,,1,56.6,11522308,6/8/2023,900854,61337,17,2,0,,E
F849,KOTA SERANG BARU,4.333,0.873,2.608,,2,56.7,11522318,6/8/2023,900867,61337,17,2,0,,E
T2VH,KOTA SERANG BARU BLOK F,3.646,0.649,2.5,,3,56.8,11522316,6/8/2023,900777,61337,16,2,0,,E
FC8E,PURI PERSADA INDAH 2,4.849,1.245,2.938,,4,56.9,11522317,6/8/2023,900893,61338,21,2,0,,E
TLTC,CIBARUSAH 03,5.326,1.162,2.756,,3,57,11522323,6/8/2023,900874,61338,19,2,0,,E
TG0R,MUTIARA BEKASI JAYA,4.506,0.824,2.682,,1,57.1,11522305,6/8/2023,900867,61338,18,2,0,,E
FI2V,RAYA MUTIARA BEKASI JAYA,4.431,0.853,2.756,,2,57.2,11522311,6/8/2023,900196,61338,19,2,0,,E
FPHZ,PURI PERSADA INDAH,4.058,0.744,2.426,,4,57.3,11522296,6/8/2023,900868,61339,15,2,0,,E
TC3I,CIBARUSAH KM 15,4.756,1.307,3.42,,1,57.4,11522321,6/8/2023,900866,61339,20,3,0,,E
FUMZ,PERUM GRIYA CIKARANG,4.899,0.865,2.682,,3,57.5,11522326,6/8/2023,900795,61339,18,2,0,,E
TXZW,SPBU CIBARUSAH,2.008,0.472,2.352,,2,57.6,11522300,6/8/2023,900822,61339,14,2,0,,E
TLK3,CIBARUSAH 33,3.737,0.619,2.5,,2,57.7,11522297,6/8/2023,900867,61340,16,2,0,,E
FWZI,CIBARUSAH,5.103,1.158,2.682,,3,57.8,11522320,6/8/2023,900884,61340,18,2,0,,E
FTIP,PONCOL GANDARIA,4.248,1.031,2.938,,4,57.9,11522313,6/8/2023,900252,61340,21,2,0,,E
TG9P,IRIGASI CIBARUSAH,3.339,0.575,2.426,,1,58,11522306,6/8/2023,900576,61340,15,2,0,,E
F9WD,KACA PIRING,4.524,1.088,2.938,,1,56.6,11522288,6/8/2023,900897,61343,21,2,0,,E
TYG6,SUMUR BATU,3.579,0.801,2.756,,1,65,11522258,6/8/2023,900995,61341,19,2,0,,
T28L,SUKATANI 1,3.659,0.535,2.608,,1,62.3,11522279,6/8/2023,900861,61342,17,2,0,,E
F4WG,WANAKERTA,4.064,1.005,2.756,,3,33.4,11522359,6/8/2023,900850,61354,19,2,0,,I
T1WQ,KALIJATI 2,3.436,0.698,2.426,,1,34.1,11522356,6/8/2023,900852,61354,15,2,0,,I
F0BA,WANAKERTA 2,4.547,0.943,2.756,,4,34.3,11522357,6/8/2023,900851,61354,19,2,0,,I
T6G3,KALIJATI 3,5.617,1.186,3.086,,2,34.5,11522358,6/8/2023,901157,61354,23,2,0,,I
FW4O,SIDAMUKTI,3.863,0.871,2.608,,2,35.6,11522355,6/8/2023,900840,61355,17,2,0,,I
T6M8,WARUNG ASEM,3.836,0.86,2.608,,3,37,11522353,6/8/2023,900856,61355,17,2,0,,I
FLNQ,KALIJATI TIMUR,4.585,1.036,2.83,,1,43.8,11522354,6/8/2023,900849,61355,20,2,0,,I
T8LB,KEDAWUNG,3.261,0.605,2.5,,3,28.3,11522329,6/8/2023,900845,61344,16,2,0,,D
TLMC,KARYA MUKTI KARAWANG,4.423,0.898,2.682,,1,28.8,11522334,6/8/2023,900845,61344,18,2,0,,D
TYM6,WADAS,3.89,0.781,2.756,,2,29.2,11522328,6/8/2023,900867,61344,19,2,0,,D
TRM0,CIBALONG SARI,3.825,0.776,2.5,,4,29.4,11522327,6/8/2023,900848,61344,16,2,0,,D
TMEG,TELAGA SARI RAYA,3.604,0.566,2.5,,4,35.6,11522331,6/8/2023,900846,61345,16,2,0,,D
TGQA,RAYA TELAGASARI,3.482,0.667,2.682,,3,35.6,11522332,6/8/2023,900843,61345,18,2,0,,D
T31C,TELAGA SARI INDAH,4.097,0.691,2.5,,2,36.4,11522330,6/8/2023,900835,61345,16,2,0,,D
TA6B,CILEWO,3.452,0.799,2.608,,1,39.6,11522333,6/8/2023,900845,61345,17,2,0,,D
T4NP,KOMPAS INDAH,3.066,0.509,2.352,,3,59,11522348,6/8/2023,900848,61346,14,2,0,,D
TMF9,K.H. MASUD,3.388,0.629,2.608,,2,59.1,11522352,6/8/2023,900851,61346,17,2,0,,D
FIQJ,TRIAS TAMBUN,4.019,0.814,2.5,,1,60,11522349,6/8/2023,900861,61346,16,2,0,,D
TB2M,RAYA MUKTIWARI,4.455,0.895,2.756,,1,62.7,11522335,6/8/2023,900511,61347,19,2,0,,D
FXUN,HARMONI MUKTIWARI,4.079,0.704,2.426,,2,65.1,11522345,6/8/2023,900036,61347,15,2,0,,D
TEW8,ARJUNA RAYA,4.166,0.629,2.5,,3,65.2,11522344,6/8/2023,900827,61348,16,2,0,,D
F281,MANGUN JAYA 1,3.307,0.633,2.5,,1,65.3,11522342,6/8/2023,900864,61348,16,2,0,,D
T2BC,SUMBER JAYA 04,3.797,0.539,2.426,,2,65.4,11522341,6/8/2023,900815,61348,15,2,0,,D
FFRQ,GRAHA PRIMA RAYA,3.502,0.741,2.608,,2,62.8,11522343,6/8/2023,900170,61349,17,2,0,,D
T20Y,MANGUNJAYA RAYA,2.834,0.52,2.426,,1,65.5,11522347,6/8/2023,900853,61349,15,2,0,,D
F891,VILLA BEKASI INDAH 1,4.379,1.127,2.756,,2,65,11522350,6/8/2023,900862,61350,19,2,0,,D
T22L,GRAHA PRIMA 2,3.948,0.74,2.608,,1,65.1,11522339,6/8/2023,900862,61350,17,2,0,,D
TDXM,GRAHA PRIMA BOULEVARD,4.595,0.798,2.756,,1,65.2,11522346,6/8/2023,900866,61351,19,2,0,,D
FHW6,GRAHA PRIMA,4.868,0.924,2.756,,2,65.4,11522351,6/8/2023,900854,61351,19,2,0,,D
T07L,VILLA CITRA,3.717,0.684,2.682,,1,65.5,11522337,6/8/2023,900865,61352,18,2,0,,D
TMJW,PENDIDIKAN RAYA,4.051,0.855,2.608,,2,65.6,11522340,6/8/2023,900802,61352,17,2,0,,D
TV8N,PENDIDIKAN TAMBUN,3.745,0.59,2.5,,2,65.7,11522336,6/8/2023,900855,61353,16,2,0,,D
TGMP,BUMI LESTARI 13,4.952,0.919,2.83,,1,65.8,11522338,6/8/2023,900993,61353,20,2,0,,D
TWT7,SURYA CIPTA,4.802,1.172,2.608,,1,21.9,11522371,6/8/2023,901057,61356,17,2,0,,L
FZKS,KUTAPOHACI,5.56,1.382,3.086,,2,22.5,11522366,6/8/2023,900848,61356,23,2,0,,L
TEQC,RAYA PINAYUNGAN,3.407,0.6,2.5,,3,25.6,11522364,6/8/2023,900345,61357,16,2,0,,L
T05M,WIRASABA,3.094,0.369,2.352,,2,28.8,11522369,6/8/2023,900852,61357,14,2,0,,L
FX5G,ADIARSA,4.661,0.934,2.608,,1,29,11522368,6/8/2023,900866,61357,17,2,0,,L
TQ4K,Dr. TARUNO KARAWANG,3.993,0.664,2.5,,2,30,11522365,6/8/2023,900848,61358,16,2,0,,L
TRFF,BANTEN 01 BSI,3.287,0.756,2.426,,1,35.9,11522360,6/8/2023,900844,61358,15,2,0,,L
T40C,RUBAYA,4.495,0.988,2.83,,2,36.5,11522362,6/8/2023,900848,61359,20,2,0,,L
TB7N,DR TARUNO,5.297,1.152,2.83,,1,36.7,11522361,6/8/2023,900854,61359,20,2,0,,L
TBNP,KIM B NO 5-6,2.705,0.49,2.426,,2,22.5,11522363,6/8/2023,900849,61360,15,2,0,,L
FR93,GRIYA INDAH,5.528,1.232,3.012,,1,24.5,11522370,6/8/2023,900869,61360,22,2,0,,L
TLIK,PANATAYUDHA,3.879,0.797,2.426,,1,36.9,11522367,6/8/2023,900831,61368,15,2,0,,L
TVXV,PEWARENGAN,3.463,0.389,2.426,,3,10.9,11522387,6/8/2023,900847,61361,15,2,0,,P
T7MZ,KAMIJAYA,4.169,0.711,2.682,,1,11.1,11522384,6/8/2023,900856,61361,18,2,0,,P
T7JJ,KOSAMBI 30,2.843,0.43,2.352,,2,18.7,11522378,6/8/2023,900866,61361,14,2,0,,P
FPE1,GARDEN CITY RESIDENCE,3.888,0.557,2.5,,1,17.2,11522382,6/8/2023,900065,61362,16,2,0,,P
F706,CENGKONG PERSADA,5.26,1.398,3.012,,2,17.2,11522379,6/8/2023,900852,61362,22,2,0,,P
TCFT,DARAWOLONG CENGKONG,3.621,0.825,2.756,,2,18.2,11522372,6/8/2023,900851,61363,19,2,0,,P
TNMF,DUREN KOSAMBI,4.017,0.847,2.426,,1,18.8,11522375,6/8/2023,900851,61363,15,2,0,,P
T6ML,RAYA KOSAMBI,4.405,0.939,2.83,,2,19.5,11522377,6/8/2023,900860,61364,20,2,0,,P
F546,PURI KOSAMBI,4.368,0.815,2.682,,1,19.9,11522388,6/8/2023,900859,61364,18,2,0,,P
TI9C,KAWALI,4.03,0.627,2.5,,2,20.5,11522383,6/8/2023,900856,61365,16,2,0,,P
TN3A,GRAND MUTIARA KARAWANG,3.008,0.47,2.426,,3,22.7,11522376,6/8/2023,900594,61365,15,2,0,,P
TXAH,GINTUNG KERTA,3.798,0.665,2.5,,1,22.9,11522374,6/8/2023,900990,61365,16,2,0,,P
FJKT,WIRA DALAM,4.603,1.064,2.83,,2,23.6,11522386,6/8/2023,900698,61366,20,2,0,,P
TD6J,KLARI,3.709,0.649,2.5,,1,23.9,11522381,6/8/2023,900831,61366,16,2,0,,P
TZYN,PASIR PANJANG,4.802,0.981,2.682,,1,24.3,11522380,6/8/2023,900852,61367,18,2,0,,P
TL37,GRIYA PESONA ASRI,4.235,0.71,2.426,,2,26.4,11522373,6/8/2023,900950,61367,15,2,0,,P
FH7I,PURI EPICENTRUM KARAWANG,4.287,0.903,2.608,,1,26.4,11522385,6/8/2023,900866,61369,17,2,0,,P
